output_00001.jpg,470.726,24.7018,725.515,539.0,0.958377,0,0,0,0
output_00001.jpg,520.3,19.355,629.746,141.421,0.300554,0,0,0,0
output_00002.jpg,488.882,17.9137,702.157,532.959,0.980737,0,0,0,0
output_00002.jpg,584.761,459.818,643.75,532.188,0.416663,0,0,0,0
output_00002.jpg,522.085,15.2686,633.797,145.411,0.30128,0,0,0,0
output_00003.jpg,464.739,21.4808,699.82,539.0,0.953992,0,0,0,0
output_00004.jpg,494.632,24.5164,718.104,530.696,0.978766,0,0,0,0
output_00005.jpg,490.299,15.9207,715.615,534.251,0.992747,0,0,0,0
output_00006.jpg,495.125,30.1824,717.957,535.976,0.995291,0,0,0,0
output_00007.jpg,521.688,26.3553,728.672,539.0,0.947972,0,0,0,0
output_00007.jpg,548.193,27.4569,669.638,136.498,0.312757,0,0,0,0
output_00008.jpg,498.542,23.1858,713.98,529.359,0.981656,0,0,0,0
output_00009.jpg,529.224,28.367,735.418,539.0,0.917275,0,0,0,0
output_00010.jpg,542.634,38.9245,718.886,524.2,0.976011,0,0,0,0
output_00011.jpg,523.643,30.6797,729.846,534.225,0.948346,0,0,0,0
output_00011.jpg,585.802,426.161,656.774,535.721,0.63592,0,0,0,0
output_00012.jpg,525.127,44.1367,730.142,530.231,0.964028,0,0,0,0
output_00012.jpg,586.211,450.178,661.832,538.598,0.850202,0,0,0,0
output_00013.jpg,542.445,38.131,716.178,526.448,0.974008,0,0,0,0
output_00013.jpg,591.447,429.897,664.985,535.689,0.334747,0,0,0,0
output_00014.jpg,541.519,51.0824,731.954,531.762,0.973781,0,0,0,0
output_00015.jpg,542.322,43.6951,729.347,531.742,0.97076,0,0,0,0
output_00016.jpg,541.803,48.0555,731.174,518.346,0.980588,0,0,0,0
output_00017.jpg,541.651,44.0379,708.884,521.151,0.968,0,0,0,0
output_00018.jpg,545.808,41.9408,716.043,523.076,0.970117,0,0,0,0
output_00018.jpg,585.316,439.521,651.307,518.162,0.348404,0,0,0,0
output_00019.jpg,545.943,47.8393,723.488,520.582,0.984924,0,0,0,0
output_00019.jpg,591.286,451.616,647.949,536.518,0.731478,0,0,0,0
output_00020.jpg,546.519,38.3673,717.118,519.594,0.96404,0,0,0,0
output_00020.jpg,587.134,426.709,640.405,530.482,0.635761,0,0,0,0
output_00021.jpg,526.585,46.6143,722.608,533.845,0.949756,0,0,0,0
output_00021.jpg,582.69,435.997,648.392,528.263,0.681708,0,0,0,0
output_00022.jpg,536.738,67.1344,718.998,526.41,0.985222,0,0,0,0
output_00023.jpg,548.984,60.3503,707.48,520.943,0.965775,0,0,0,0
output_00023.jpg,585.615,438.906,643.802,520.762,0.441147,0,0,0,0
output_00024.jpg,532.266,63.6784,712.104,524.453,0.959705,0,0,0,0
output_00024.jpg,579.69,414.418,642.691,536.831,0.60983,0,0,0,0
output_00025.jpg,538.646,63.651,703.188,529.921,0.976823,0,0,0,0
output_00026.jpg,540.541,60.337,701.34,525.657,0.968655,0,0,0,0
output_00027.jpg,522.389,53.7038,704.013,529.298,0.959455,0,0,0,0
output_00028.jpg,526.85,51.2603,706.376,535.975,0.913631,0,0,0,0
output_00028.jpg,576.269,404.65,634.364,539.0,0.458102,0,0,0,0
output_00029.jpg,535.457,55.8334,710.781,536.977,0.952995,0,0,0,0
output_00030.jpg,519.174,47.8284,697.201,538.739,0.880846,0,0,0,0
output_00031.jpg,518.541,55.8215,704.631,539.0,0.900376,0,0,0,0
output_00031.jpg,568.92,386.51,641.399,525.91,0.320359,0,0,0,0
output_00032.jpg,573.316,409.054,638.645,518.08,0.889179,0,0,0,0
output_00032.jpg,529.834,56.3839,701.688,539.0,0.868691,0,0,0,0
output_00033.jpg,531.496,38.5192,696.805,530.326,0.655637,0,0,0,0
output_00033.jpg,579.727,378.178,629.196,531.768,0.445988,0,0,0,0
output_00034.jpg,529.871,38.0974,695.911,532.058,0.807498,0,0,0,0
output_00034.jpg,566.34,379.556,627.133,519.949,0.68176,0,0,0,0
output_00035.jpg,544.965,34.7665,699.823,531.253,0.718625,0,0,0,0
output_00036.jpg,525.796,47.7333,693.101,523.048,0.676303,0,0,0,0
output_00036.jpg,563.232,361.112,628.606,530.752,0.375105,0,0,0,0
output_00036.jpg,566.15,63.306,675.354,234.105,0.335554,0,0,0,0
output_00037.jpg,521.271,65.0125,698.946,528.376,0.58844,0,0,0,0
output_00037.jpg,563.184,368.718,623.363,525.604,0.400611,0,0,0,0
output_00038.jpg,565.297,368.406,625.024,522.29,0.535518,0,0,0,0
output_00038.jpg,534.386,60.0923,690.349,531.767,0.436446,0,0,0,0
output_00038.jpg,571.162,82.3592,645.53,162.638,0.308524,0,0,0,0
output_00039.jpg,566.924,382.255,625.827,512.851,0.8494,0,0,0,0
output_00039.jpg,523.785,63.5007,699.466,519.485,0.726836,0,0,0,0
output_00039.jpg,570.602,83.505,640.777,165.688,0.427359,0,0,0,0
output_00040.jpg,522.127,71.7527,698.055,517.255,0.897874,0,0,0,0
output_00040.jpg,564.745,392.847,621.244,521.56,0.855969,0,0,0,0
output_00040.jpg,562.406,97.627,635.46,152.678,0.554592,0,0,0,0
output_00040.jpg,549.208,75.5965,668.454,256.211,0.505085,0,0,0,0
output_00041.jpg,562.424,372.58,616.365,531.239,0.838629,0,0,0,0
output_00041.jpg,519.121,90.3276,701.852,521.574,0.721817,0,0,0,0
output_00041.jpg,560.468,86.9125,624.571,145.809,0.466718,0,0,0,0
output_00042.jpg,523.739,85.6209,707.5,520.186,0.816971,0,0,0,0
output_00042.jpg,566.407,372.271,627.255,508.56,0.798783,0,0,0,0
output_00042.jpg,575.396,98.0783,661.435,149.843,0.463575,0,0,0,0
output_00043.jpg,537.034,80.572,700.815,521.255,0.825936,0,0,0,0
output_00043.jpg,566.325,375.719,624.309,521.291,0.777003,0,0,0,0
output_00044.jpg,540.313,73.4899,703.146,539.0,0.962241,0,0,0,0
output_00044.jpg,567.367,363.628,622.838,512.548,0.796065,0,0,0,0
output_00044.jpg,566.439,94.7934,667.24,152.467,0.304152,0,0,0,0
output_00045.jpg,549.116,55.7052,691.75,504.143,0.672719,0,0,0,0
output_00045.jpg,568.18,350.535,622.221,510.066,0.325857,0,0,0,0
output_00046.jpg,544.67,83.2303,697.41,521.393,0.598156,0,0,0,0
output_00046.jpg,575.204,358.148,626.597,522.872,0.463937,0,0,0,0
output_00047.jpg,567.521,354.419,622.669,520.124,0.869694,0,0,0,0
output_00047.jpg,535.066,69.3578,692.81,539.0,0.76968,0,0,0,0
output_00048.jpg,544.923,63.7869,705.839,539.0,0.772228,0,0,0,0
output_00048.jpg,567.647,351.701,617.135,512.78,0.364738,0,0,0,0
output_00049.jpg,577.662,359.619,623.239,519.935,0.908542,0,0,0,0
output_00049.jpg,540.063,66.9321,707.84,533.229,0.850416,0,0,0,0
output_00050.jpg,558.922,67.9998,711.688,515.998,0.951079,0,0,0,0
output_00050.jpg,573.498,360.858,627.474,508.506,0.759784,0,0,0,0
output_00051.jpg,526.742,67.149,706.502,525.779,0.934615,0,0,0,0
output_00051.jpg,566.617,378.17,634.764,503.43,0.867043,0,0,0,0
output_00052.jpg,533.263,68.0743,711.552,530.646,0.852742,0,0,0,0
output_00052.jpg,571.132,359.227,626.824,508.314,0.502757,0,0,0,0
output_00053.jpg,579.823,360.652,640.184,510.973,0.899996,0,0,0,0
output_00053.jpg,537.332,69.5274,714.057,531.352,0.861785,0,0,0,0
output_00054.jpg,578.235,356.264,638.88,509.895,0.843307,0,0,0,0
output_00054.jpg,534.226,73.1744,714.041,534.401,0.758323,0,0,0,0
output_00055.jpg,538.288,74.9803,714.685,534.335,0.892116,0,0,0,0
output_00055.jpg,580.507,346.783,636.302,506.517,0.470486,0,0,0,0
output_00056.jpg,565.797,73.8315,708.266,509.256,0.894133,0,0,0,0
output_00056.jpg,589.899,379.456,632.995,500.939,0.590648,0,0,0,0
output_00057.jpg,587.594,385.686,645.77,509.869,0.940591,0,0,0,0
output_00057.jpg,561.828,74.1001,705.847,529.476,0.846943,0,0,0,0
output_00058.jpg,591.113,389.819,646.317,500.856,0.936697,0,0,0,0
output_00058.jpg,561.579,62.9331,710.952,539.0,0.764323,0,0,0,0
output_00059.jpg,589.747,396.354,639.392,505.122,0.974359,0,0,0,0
output_00059.jpg,554.689,62.6295,712.778,521.281,0.822795,0,0,0,0
output_00060.jpg,560.306,73.6462,707.684,520.716,0.937491,0,0,0,0
output_00060.jpg,593.75,394.426,638.756,501.035,0.922715,0,0,0,0
output_00060.jpg,590.016,74.6997,657.77,174.061,0.543368,0,0,0,0
output_00061.jpg,588.801,403.729,643.702,499.733,0.910098,0,0,0,0
output_00061.jpg,542.318,58.3148,707.248,512.705,0.820302,0,0,0,0
output_00061.jpg,591.577,64.4015,665.172,169.428,0.443038,0,0,0,0
output_00062.jpg,549.548,63.1718,702.787,513.966,0.885111,0,0,0,0
output_00062.jpg,591.563,383.867,648.898,504.113,0.568121,0,0,0,0
output_00062.jpg,589.057,74.2797,663.044,177.265,0.506358,0,0,0,0
output_00063.jpg,597.192,390.553,649.521,515.021,0.9631,0,0,0,0
output_00063.jpg,548.868,83.0397,699.908,530.178,0.814517,0,0,0,0
output_00063.jpg,580.079,84.1864,676.153,179.745,0.601678,0,0,0,0
output_00064.jpg,586.76,404.871,647.684,505.746,0.946607,0,0,0,0
output_00064.jpg,547.891,79.6548,702.67,536.679,0.808518,0,0,0,0
output_00065.jpg,555.343,69.5643,701.857,530.068,0.632972,0,0,0,0
output_00065.jpg,590.883,395.424,648.319,502.917,0.543639,0,0,0,0
output_00065.jpg,587.396,74.4525,662.898,163.203,0.460201,0,0,0,0
output_00066.jpg,587.783,390.853,653.494,503.591,0.841565,0,0,0,0
output_00066.jpg,551.819,72.0682,702.735,537.722,0.78526,0,0,0,0
output_00067.jpg,552.725,70.753,703.903,531.939,0.831458,0,0,0,0
output_00067.jpg,590.05,394.784,651.138,510.297,0.702323,0,0,0,0
output_00068.jpg,586.951,393.321,653.229,507.056,0.948989,0,0,0,0
output_00068.jpg,543.848,69.2281,703.636,524.508,0.820153,0,0,0,0
output_00069.jpg,587.727,392.564,651.515,503.275,0.949512,0,0,0,0
output_00069.jpg,542.536,67.4875,702.711,527.831,0.856915,0,0,0,0
output_00070.jpg,587.097,401.145,649.241,509.699,0.938463,0,0,0,0
output_00070.jpg,542.489,56.5746,694.857,531.076,0.92862,0,0,0,0
output_00071.jpg,585.251,401.796,646.479,504.021,0.940338,0,0,0,0
output_00071.jpg,540.961,82.808,703.313,525.534,0.921041,0,0,0,0
output_00072.jpg,588.097,410.65,640.787,502.406,0.937495,0,0,0,0
output_00072.jpg,541.17,83.9389,707.666,539.0,0.83679,0,0,0,0
output_00073.jpg,586.655,409.365,641.16,513.104,0.980053,0,0,0,0
output_00073.jpg,540.687,86.327,705.649,522.606,0.91179,0,0,0,0
output_00074.jpg,586.893,410.167,639.29,517.315,0.970041,0,0,0,0
output_00074.jpg,543.991,96.1335,701.438,519.647,0.751814,0,0,0,0
output_00075.jpg,593.217,405.208,637.334,507.057,0.961338,0,0,0,0
output_00075.jpg,545.283,92.0132,704.386,517.098,0.618843,0,0,0,0
output_00076.jpg,584.464,392.791,642.201,506.454,0.820053,0,0,0,0
output_00076.jpg,545.009,66.4237,699.701,522.034,0.570589,0,0,0,0
output_00077.jpg,592.241,390.694,635.88,503.127,0.623298,0,0,0,0
output_00077.jpg,549.858,62.6026,697.382,536.399,0.410739,0,0,0,0
output_00078.jpg,565.641,60.5984,696.145,539.0,0.440246,0,0,0,0
output_00079.jpg,585.815,380.29,635.766,496.716,0.596619,0,0,0,0
output_00079.jpg,539.707,73.6995,702.212,521.573,0.366356,0,0,0,0
output_00080.jpg,588.818,401.028,635.975,495.964,0.592393,0,0,0,0
output_00080.jpg,552.505,71.5407,703.402,524.836,0.410722,0,0,0,0
output_00080.jpg,559.407,74.5805,625.104,170.404,0.382871,0,0,0,0
output_00081.jpg,577.55,364.873,637.515,506.67,0.461774,0,0,0,0
output_00081.jpg,552.244,53.0645,689.445,539.0,0.363282,0,0,0,0
output_00082.jpg,590.362,404.884,636.899,491.919,0.810306,0,0,0,0
output_00082.jpg,543.202,68.4838,691.872,537.271,0.76259,0,0,0,0
output_00082.jpg,563.298,79.3072,625.257,150.877,0.312167,0,0,0,0
output_00083.jpg,541.882,68.2419,693.88,536.723,0.752377,0,0,0,0
output_00084.jpg,543.265,80.0513,692.213,537.172,0.673456,0,0,0,0
output_00085.jpg,549.605,93.8067,688.279,528.348,0.451418,0,0,0,0
output_00087.jpg,575.037,367.012,633.575,500.76,0.800163,0,0,0,0
output_00087.jpg,573.509,101.953,623.444,149.868,0.330818,0,0,0,0
output_00087.jpg,544.07,84.5363,698.062,539.0,0.308596,0,0,0,0
output_00088.jpg,576.217,365.354,642.687,512.571,0.585155,0,0,0,0
output_00088.jpg,540.245,94.1333,688.108,525.957,0.324284,0,0,0,0
output_00089.jpg,563.949,111.238,627.423,154.066,0.594014,0,0,0,0
output_00089.jpg,577.526,365.548,642.228,511.457,0.505094,0,0,0,0
output_00089.jpg,541.661,91.7007,698.761,539.0,0.362877,0,0,0,0
output_00090.jpg,573.838,366.948,626.289,507.666,0.446982,0,0,0,0
output_00090.jpg,541.805,88.2698,692.993,539.0,0.359829,0,0,0,0
output_00091.jpg,539.999,109.165,691.86,514.93,0.593227,0,0,0,0
output_00091.jpg,560.757,352.154,632.417,489.821,0.51046,0,0,0,0
output_00092.jpg,553.303,98.0744,689.803,506.121,0.924103,0,0,0,0
output_00092.jpg,568.56,95.9468,627.835,170.397,0.371544,0,0,0,0
output_00093.jpg,551.657,107.495,692.01,528.427,0.819733,0,0,0,0
output_00093.jpg,556.561,317.169,617.633,481.271,0.596748,0,0,0,0
output_00093.jpg,564.098,112.051,625.448,159.483,0.317621,0,0,0,0
output_00094.jpg,546.048,87.9173,695.116,514.543,0.690554,0,0,0,0
output_00094.jpg,561.678,361.648,643.943,513.338,0.537335,0,0,0,0
output_00094.jpg,565.325,114.302,626.379,157.865,0.38437,0,0,0,0
output_00095.jpg,574.614,361.542,638.107,488.027,0.79552,0,0,0,0
output_00095.jpg,540.984,73.6736,695.516,531.557,0.625506,0,0,0,0
output_00095.jpg,562.689,112.809,623.728,158.444,0.615379,0,0,0,0
output_00096.jpg,544.655,97.2287,691.088,539.0,0.900609,0,0,0,0
output_00096.jpg,568.693,372.338,635.053,490.155,0.796695,0,0,0,0
output_00096.jpg,564.414,112.389,623.46,162.505,0.633552,0,0,0,0
output_00097.jpg,542.665,84.0557,692.702,522.767,0.708301,0,0,0,0
output_00097.jpg,569.101,331.413,634.2,489.245,0.702592,0,0,0,0
output_00097.jpg,564.33,113.163,623.453,160.629,0.590655,0,0,0,0
output_00098.jpg,542.083,101.224,685.526,512.835,0.891916,0,0,0,0
output_00098.jpg,568.635,362.664,628.252,477.47,0.859219,0,0,0,0
output_00098.jpg,562.655,112.326,621.875,159.779,0.704672,0,0,0,0
output_00099.jpg,541.042,106.808,692.41,495.647,0.900386,0,0,0,0
output_00099.jpg,559.839,112.304,623.129,165.365,0.525985,0,0,0,0
output_00100.jpg,526.367,61.2768,673.65,517.198,0.88133,0,0,0,0
output_00100.jpg,572.72,350.905,644.766,483.242,0.564731,0,0,0,0
output_00100.jpg,556.979,98.7932,622.966,201.499,0.341346,0,0,0,0
output_00101.jpg,538.736,122.323,682.474,491.734,0.859562,0,0,0,0
output_00101.jpg,564.794,356.182,630.277,479.093,0.843833,0,0,0,0
output_00101.jpg,518.437,100.65,643.257,245.556,0.381814,0,0,0,0
output_00101.jpg,554.448,106.888,630.961,170.16,0.350969,0,0,0,0
output_00102.jpg,531.955,111.511,683.111,478.645,0.909347,0,0,0,0
output_00102.jpg,562.526,354.032,631.008,473.626,0.884537,0,0,0,0
output_00102.jpg,552.462,206.39,612.091,439.296,0.657582,0,0,0,0
output_00102.jpg,551.094,107.898,617.26,166.549,0.578799,0,0,0,0
output_00102.jpg,556.994,95.8255,643.702,238.457,0.440878,0,0,0,0
output_00103.jpg,517.971,89.7408,667.553,539.0,0.9148,0,0,0,0
output_00103.jpg,557.3,353.19,615.159,466.212,0.811009,0,0,0,0
output_00103.jpg,536.573,108.978,631.865,195.34,0.566042,0,0,0,0
output_00104.jpg,539.563,126.01,673.764,488.767,0.856047,0,0,0,0
output_00104.jpg,561.263,348.95,625.962,472.255,0.707862,0,0,0,0
output_00104.jpg,546.923,105.651,615.219,171.461,0.497679,0,0,0,0
output_00105.jpg,559.848,338.6,621.43,471.222,0.720744,0,0,0,0
output_00105.jpg,528.805,90.2188,674.878,512.956,0.679342,0,0,0,0
output_00105.jpg,555.871,118.709,610.695,186.327,0.399819,0,0,0,0
output_00106.jpg,558.482,359.015,623.105,470.323,0.886019,0,0,0,0
output_00106.jpg,524.802,107.69,653.834,504.039,0.760508,0,0,0,0
output_00107.jpg,556.566,355.935,610.5,473.084,0.698183,0,0,0,0
output_00107.jpg,539.768,112.431,599.995,177.491,0.569307,0,0,0,0
output_00107.jpg,528.418,88.8427,665.731,428.582,0.548309,0,0,0,0
output_00108.jpg,555.778,360.144,616.292,465.797,0.749042,0,0,0,0
output_00108.jpg,526.85,86.624,679.918,438.138,0.616873,0,0,0,0
output_00108.jpg,541.457,118.439,602.309,189.187,0.414881,0,0,0,0
output_00109.jpg,554.881,361.651,614.915,469.62,0.967357,0,0,0,0
output_00109.jpg,524.202,94.8325,648.573,527.38,0.497874,0,0,0,0
output_00109.jpg,532.655,112.823,598.499,178.622,0.410884,0,0,0,0
output_00110.jpg,524.235,92.5125,648.028,521.27,0.64082,0,0,0,0
output_00110.jpg,533.537,107.442,602.087,179.551,0.408222,0,0,0,0
output_00110.jpg,554.116,369.974,622.619,466.627,0.390479,0,0,0,0
output_00111.jpg,522.162,94.1902,658.483,401.485,0.640308,0,0,0,0
output_00111.jpg,542.929,354.475,611.691,453.648,0.513966,0,0,0,0
output_00112.jpg,516.324,95.2057,660.73,319.957,0.635085,0,0,0,0
output_00113.jpg,514.791,75.2441,658.434,419.97,0.69326,0,0,0,0
output_00114.jpg,560.84,355.967,616.046,460.184,0.905222,0,0,0,0
output_00114.jpg,522.791,88.8856,658.394,412.291,0.661281,0,0,0,0
output_00114.jpg,525.996,100.81,600.408,201.09,0.300866,0,0,0,0
output_00115.jpg,550.23,344.669,611.451,451.559,0.894098,0,0,0,0
output_00115.jpg,518.0,100.769,656.368,407.083,0.825298,0,0,0,0
output_00115.jpg,520.392,107.785,600.704,196.252,0.376005,0,0,0,0
output_00116.jpg,515.198,96.726,648.493,430.493,0.964469,0,0,0,0
output_00116.jpg,549.144,348.793,608.874,447.588,0.846566,0,0,0,0
output_00116.jpg,486.904,268.28,528.972,355.456,0.421314,0,0,0,0
output_00117.jpg,514.098,102.207,642.684,423.119,0.946406,0,0,0,0
output_00117.jpg,548.639,342.958,615.646,447.494,0.803847,0,0,0,0
output_00118.jpg,505.509,82.1761,641.797,444.447,0.955396,0,0,0,0
output_00118.jpg,561.551,340.444,617.458,443.941,0.77288,0,0,0,0
output_00119.jpg,506.413,90.0847,631.508,427.416,0.960942,0,0,0,0
output_00119.jpg,554.843,339.899,605.872,443.262,0.743951,0,0,0,0
output_00120.jpg,514.241,81.5665,620.405,448.929,0.958159,0,0,0,0
output_00120.jpg,545.232,349.59,614.27,450.704,0.738962,0,0,0,0
output_00121.jpg,552.844,353.51,608.714,444.759,0.79853,0,0,0,0
output_00121.jpg,506.706,85.5528,636.422,484.232,0.694295,0,0,0,0
output_00122.jpg,499.765,97.2937,630.59,457.324,0.858687,0,0,0,0
output_00122.jpg,549.218,341.491,604.704,433.479,0.749545,0,0,0,0
output_00123.jpg,503.202,106.01,626.991,421.859,0.856676,0,0,0,0
output_00123.jpg,549.946,340.919,598.401,440.942,0.820137,0,0,0,0
output_00124.jpg,544.394,327.103,598.853,439.242,0.871527,0,0,0,0
output_00124.jpg,499.593,106.753,625.334,398.241,0.847254,0,0,0,0
output_00125.jpg,552.646,321.251,596.248,445.982,0.899309,0,0,0,0
output_00125.jpg,496.103,114.182,619.112,408.442,0.898528,0,0,0,0
output_00126.jpg,493.866,109.269,615.154,390.272,0.915026,0,0,0,0
output_00126.jpg,544.778,331.382,596.355,437.791,0.875143,0,0,0,0
output_00127.jpg,488.326,107.269,615.979,402.247,0.893283,0,0,0,0
output_00127.jpg,545.999,318.015,598.133,439.594,0.849475,0,0,0,0
output_00128.jpg,498.194,117.873,615.982,393.906,0.928445,0,0,0,0
output_00128.jpg,540.308,321.251,599.696,437.528,0.807965,0,0,0,0
output_00129.jpg,499.62,117.795,612.82,392.573,0.953939,0,0,0,0
output_00129.jpg,546.691,325.37,605.478,435.439,0.350642,0,0,0,0
output_00130.jpg,504.274,119.374,616.005,402.292,0.882107,0,0,0,0
output_00131.jpg,503.627,114.149,608.142,403.62,0.823711,0,0,0,0
output_00131.jpg,487.799,122.058,540.583,238.122,0.38378,0,0,0,0
output_00132.jpg,499.368,111.692,611.126,407.318,0.712519,0,0,0,0
output_00132.jpg,492.796,125.542,549.095,314.755,0.393018,0,0,0,0
output_00133.jpg,503.744,124.725,619.931,417.228,0.879126,0,0,0,0
output_00133.jpg,545.625,336.167,591.703,435.343,0.823526,0,0,0,0
output_00133.jpg,490.783,122.307,541.202,241.0,0.345805,0,0,0,0
output_00134.jpg,498.934,107.867,610.16,409.933,0.901325,0,0,0,0
output_00134.jpg,539.349,335.858,596.725,424.326,0.742613,0,0,0,0
output_00135.jpg,513.373,141.818,601.806,350.909,0.725522,0,0,0,0
output_00135.jpg,493.106,120.649,547.984,319.002,0.348207,0,0,0,0
output_00136.jpg,496.478,136.591,560.513,260.681,0.705023,0,0,0,0
output_00137.jpg,506.037,135.979,569.968,242.285,0.424308,0,0,0,0
output_00138.jpg,495.967,130.494,565.156,255.013,0.506743,0,0,0,0
output_00139.jpg,529.485,335.546,588.157,407.862,0.869896,0,0,0,0
output_00139.jpg,490.114,139.038,556.997,253.312,0.47816,0,0,0,0
output_00140.jpg,528.377,342.785,575.354,408.325,0.937903,0,0,0,0
output_00141.jpg,533.686,345.387,578.414,397.667,0.831511,0,0,0,0
output_00141.jpg,515.511,330.355,612.11,416.065,0.569088,0,0,0,0
output_00142.jpg,528.302,341.361,577.663,412.097,0.7839,0,0,0,0
output_00143.jpg,530.454,344.268,578.162,402.25,0.882149,0,0,0,0
output_00143.jpg,511.773,323.007,616.862,418.497,0.581243,0,0,0,0
output_00144.jpg,529.976,343.299,576.757,406.038,0.757475,0,0,0,0
output_00145.jpg,529.722,346.054,572.309,406.206,0.893541,0,0,0,0
output_00146.jpg,523.677,319.752,574.745,400.793,0.315221,0,0,0,0
output_00147.jpg,520.503,344.798,575.561,414.754,0.87571,0,0,0,0
output_00149.jpg,500.778,344.82,578.587,433.768,0.381556,0,0,0,0
output_00169.jpg,518.272,345.431,576.971,416.985,0.849341,0,0,0,0
output_00170.jpg,524.81,342.377,582.395,408.1,0.576057,0,0,0,0
output_00171.jpg,519.141,351.416,579.544,417.32,0.865369,0,0,0,0
output_00172.jpg,522.818,350.401,577.531,416.04,0.803666,0,0,0,0
output_00173.jpg,505.33,133.287,584.29,238.982,0.449607,0,0,0,0
output_00174.jpg,522.345,346.836,579.769,417.899,0.838302,0,0,0,0
output_00175.jpg,529.104,334.95,589.944,408.06,0.750084,0,0,0,0
output_00176.jpg,528.465,332.94,590.327,406.669,0.859485,0,0,0,0
output_00177.jpg,538.581,341.201,579.275,402.18,0.914035,0,0,0,0
output_00178.jpg,530.145,332.822,591.614,407.552,0.882649,0,0,0,0
output_00179.jpg,531.024,345.804,586.248,420.358,0.856999,0,0,0,0
output_00179.jpg,504.217,137.455,574.207,235.821,0.379532,0,0,0,0
output_00180.jpg,533.731,352.975,587.682,418.667,0.669482,0,0,0,0
output_00180.jpg,519.187,139.559,585.439,230.489,0.576439,0,0,0,0
output_00181.jpg,532.362,347.668,590.446,421.714,0.673245,0,0,0,0
output_00181.jpg,508.952,132.723,581.281,223.397,0.529589,0,0,0,0
output_00185.jpg,530.675,346.162,593.303,422.865,0.698616,0,0,0,0
output_00186.jpg,531.272,347.033,591.205,419.271,0.734303,0,0,0,0
output_00187.jpg,531.813,346.066,590.51,418.446,0.730929,0,0,0,0
output_00188.jpg,532.13,345.707,589.77,416.969,0.693928,0,0,0,0
output_00189.jpg,534.322,341.687,589.68,404.157,0.784535,0,0,0,0
output_00190.jpg,532.663,340.165,591.238,398.252,0.734786,0,0,0,0
output_00191.jpg,530.888,340.827,590.325,418.331,0.604725,0,0,0,0
output_00192.jpg,530.19,342.156,588.305,417.516,0.751788,0,0,0,0
output_00193.jpg,529.411,342.785,588.073,417.626,0.859727,0,0,0,0
output_00194.jpg,529.155,345.765,588.751,419.148,0.800153,0,0,0,0
output_00195.jpg,530.729,346.299,586.879,416.224,0.882304,0,0,0,0
output_00196.jpg,530.493,338.048,591.124,408.466,0.722067,0,0,0,0
output_00197.jpg,530.337,339.163,589.629,405.346,0.803829,0,0,0,0
output_00198.jpg,527.987,342.654,585.257,412.555,0.768048,0,0,0,0
output_00199.jpg,516.967,342.456,580.353,426.697,0.584906,0,0,0,0
output_00217.jpg,528.341,334.232,585.591,403.236,0.579988,0,0,0,0
output_00219.jpg,533.242,333.03,586.649,403.336,0.747893,0,0,0,0
output_00220.jpg,530.689,330.043,590.775,408.243,0.516589,0,0,0,0
output_00221.jpg,534.236,335.351,586.887,406.895,0.932172,0,0,0,0
output_00222.jpg,529.58,342.239,578.196,410.141,0.926158,0,0,0,0
output_00223.jpg,535.454,339.307,585.011,415.143,0.734731,0,0,0,0
output_00224.jpg,530.753,340.408,575.701,414.474,0.873371,0,0,0,0
output_00225.jpg,531.517,337.312,589.912,419.981,0.658735,0,0,0,0
output_00227.jpg,540.177,334.504,590.521,415.049,0.648087,0,0,0,0
output_00228.jpg,535.833,336.006,583.167,411.639,0.580761,0,0,0,0
output_00230.jpg,535.032,335.14,582.855,413.669,0.326283,0,0,0,0
output_00231.jpg,530.601,334.534,579.671,420.731,0.644676,0,0,0,0
output_00232.jpg,536.062,328.844,586.473,426.643,0.775719,0,0,0,0
output_00233.jpg,537.174,328.96,586.955,425.521,0.613516,0,0,0,0
output_00234.jpg,532.887,339.129,578.032,421.85,0.785175,0,0,0,0
output_00235.jpg,536.413,335.892,580.793,421.575,0.872319,0,0,0,0
output_00236.jpg,531.809,340.543,579.139,428.769,0.820577,0,0,0,0
output_00239.jpg,533.76,336.499,584.697,426.713,0.457502,0,0,0,0
output_00240.jpg,530.183,330.588,588.057,426.883,0.366906,0,0,0,0
output_00259.jpg,544.502,341.73,602.681,444.148,0.430179,0,0,0,0
output_00260.jpg,546.349,338.751,599.628,438.101,0.401668,0,0,0,0
output_00266.jpg,499.548,112.004,560.736,220.854,0.531616,0,0,0,0
output_00267.jpg,501.893,119.526,562.593,219.928,0.651498,0,0,0,0
output_00268.jpg,506.95,119.775,563.319,206.888,0.914432,0,0,0,0
output_00269.jpg,559.165,335.423,594.505,443.39,0.836433,0,0,0,0
output_00269.jpg,504.672,125.58,566.164,228.7,0.515482,0,0,0,0
output_00270.jpg,504.723,126.74,565.899,225.156,0.762628,0,0,0,0
output_00271.jpg,504.912,127.668,582.313,236.64,0.555465,0,0,0,0
output_00272.jpg,502.592,128.752,585.55,239.578,0.412713,0,0,0,0
output_00273.jpg,499.249,123.463,585.113,240.64,0.341525,0,0,0,0
output_00280.jpg,557.139,327.542,600.715,445.621,0.608259,0,0,0,0
output_00281.jpg,450.298,117.892,619.784,538.551,0.318083,0,0,0,0
output_00285.jpg,497.731,121.69,579.423,239.332,0.39706,0,0,0,0
output_00291.jpg,533.954,336.67,578.071,439.387,0.620255,0,0,0,0
output_00292.jpg,483.915,110.286,648.571,437.683,0.638353,0,0,0,0
output_00292.jpg,523.158,111.639,599.818,192.432,0.308334,0,0,0,0
output_00293.jpg,544.066,335.291,593.944,441.306,0.910914,0,0,0,0
output_00293.jpg,490.775,105.789,650.882,528.162,0.520528,0,0,0,0
output_00293.jpg,541.866,259.999,640.661,450.055,0.474877,0,0,0,0
output_00294.jpg,536.261,332.467,580.828,433.334,0.910102,0,0,0,0
output_00294.jpg,545.879,279.262,619.846,439.809,0.80785,0,0,0,0
output_00294.jpg,502.728,115.952,646.003,539.0,0.74294,0,0,0,0
output_00294.jpg,527.065,114.615,600.445,190.946,0.45416,0,0,0,0
output_00295.jpg,540.025,330.266,592.62,432.433,0.962058,0,0,0,0
output_00295.jpg,531.567,280.637,639.235,451.443,0.805567,0,0,0,0
output_00295.jpg,522.414,128.35,649.908,254.148,0.742906,0,0,0,0
output_00295.jpg,499.485,114.215,665.559,495.263,0.49418,0,0,0,0
output_00295.jpg,521.409,115.853,591.235,200.169,0.434956,0,0,0,0
output_00296.jpg,528.66,331.539,585.236,423.522,0.938716,0,0,0,0
output_00296.jpg,526.335,115.994,649.023,294.58,0.700783,0,0,0,0
output_00296.jpg,538.579,273.593,622.244,460.213,0.442801,0,0,0,0
output_00296.jpg,514.74,121.983,591.392,184.647,0.347963,0,0,0,0
output_00297.jpg,531.404,333.665,588.174,430.258,0.907095,0,0,0,0
output_00297.jpg,490.413,104.03,659.066,481.736,0.671428,0,0,0,0
output_00297.jpg,525.182,125.083,653.883,260.617,0.585437,0,0,0,0
output_00298.jpg,519.437,119.451,660.325,293.823,0.604659,0,0,0,0
output_00298.jpg,528.845,310.38,589.115,435.19,0.414872,0,0,0,0
output_00298.jpg,516.471,246.076,648.163,462.095,0.319195,0,0,0,0
output_00299.jpg,518.376,125.627,651.97,299.896,0.556767,0,0,0,0
output_00299.jpg,528.664,307.276,588.898,439.742,0.355354,0,0,0,0
output_00300.jpg,524.998,88.9493,662.378,451.039,0.787282,0,0,0,0
output_00300.jpg,534.968,318.178,585.576,433.384,0.609873,0,0,0,0
output_00301.jpg,526.983,92.2229,663.573,452.926,0.797383,0,0,0,0
output_00301.jpg,536.517,319.257,594.562,436.768,0.61013,0,0,0,0
output_00302.jpg,522.043,88.8068,660.295,533.089,0.606608,0,0,0,0
output_00302.jpg,533.03,334.214,579.566,431.567,0.551113,0,0,0,0
output_00303.jpg,525.023,100.361,668.781,534.66,0.831812,0,0,0,0
output_00303.jpg,536.676,315.015,579.636,441.303,0.533543,0,0,0,0
output_00304.jpg,529.853,104.819,659.891,535.943,0.892341,0,0,0,0
output_00304.jpg,542.408,279.563,624.126,453.983,0.626095,0,0,0,0
output_00305.jpg,529.951,97.2625,662.311,531.458,0.909781,0,0,0,0
output_00305.jpg,535.024,306.936,593.246,430.392,0.512094,0,0,0,0
output_00306.jpg,523.519,118.786,651.354,524.62,0.906164,0,0,0,0
output_00306.jpg,542.253,322.149,592.156,433.938,0.530465,0,0,0,0
output_00306.jpg,520.887,330.299,563.522,420.925,0.497957,0,0,0,0
output_00307.jpg,524.389,118.254,649.607,522.869,0.901257,0,0,0,0
output_00307.jpg,536.38,321.037,591.481,438.968,0.767077,0,0,0,0
output_00308.jpg,531.18,116.729,649.251,526.637,0.888348,0,0,0,0
output_00308.jpg,536.247,304.321,591.266,428.14,0.707103,0,0,0,0
output_00309.jpg,529.473,113.99,656.679,512.325,0.961508,0,0,0,0
output_00309.jpg,535.158,317.288,584.42,432.072,0.414806,0,0,0,0
output_00310.jpg,519.657,103.026,648.95,505.561,0.922605,0,0,0,0
output_00310.jpg,537.167,311.658,589.297,434.882,0.60384,0,0,0,0
output_00311.jpg,518.419,99.3062,649.454,504.853,0.876582,0,0,0,0
output_00311.jpg,546.562,267.701,620.911,459.311,0.520166,0,0,0,0
output_00311.jpg,535.045,326.262,576.693,427.39,0.45952,0,0,0,0
output_00312.jpg,524.753,109.993,650.987,520.652,0.760479,0,0,0,0
output_00312.jpg,533.136,326.991,578.846,423.541,0.756068,0,0,0,0
output_00312.jpg,540.914,271.207,613.037,478.493,0.349603,0,0,0,0
output_00313.jpg,525.866,111.074,644.641,523.354,0.854782,0,0,0,0
output_00313.jpg,534.406,325.861,577.527,424.192,0.753381,0,0,0,0
output_00314.jpg,533.197,327.027,572.441,430.456,0.705581,0,0,0,0
output_00314.jpg,531.998,96.3408,659.004,534.032,0.514901,0,0,0,0
output_00314.jpg,532.974,128.986,661.434,259.709,0.379987,0,0,0,0
output_00315.jpg,532.369,324.833,578.787,423.815,0.694449,0,0,0,0
output_00315.jpg,528.512,91.1797,655.746,528.707,0.550795,0,0,0,0
output_00315.jpg,525.904,285.978,630.709,444.501,0.327353,0,0,0,0
output_00316.jpg,534.233,326.792,582.65,425.279,0.703451,0,0,0,0
output_00316.jpg,512.989,122.243,654.804,539.0,0.59666,0,0,0,0
output_00316.jpg,534.153,277.829,631.498,450.292,0.48247,0,0,0,0
output_00316.jpg,531.302,126.929,660.883,258.187,0.459683,0,0,0,0
output_00317.jpg,522.806,119.177,656.041,507.875,0.800422,0,0,0,0
output_00317.jpg,536.276,322.839,581.684,426.065,0.651516,0,0,0,0
output_00318.jpg,516.869,106.245,651.171,502.021,0.760053,0,0,0,0
output_00318.jpg,529.708,122.765,662.827,255.525,0.691836,0,0,0,0
output_00318.jpg,536.866,324.996,583.114,423.681,0.491092,0,0,0,0
output_00319.jpg,508.844,110.87,653.581,523.471,0.75234,0,0,0,0
output_00319.jpg,534.738,126.136,656.667,251.331,0.706808,0,0,0,0
output_00320.jpg,512.387,108.7,657.81,522.7,0.633399,0,0,0,0
output_00320.jpg,528.962,132.627,652.558,267.994,0.4759,0,0,0,0
output_00321.jpg,530.356,127.527,650.567,272.605,0.696146,0,0,0,0
output_00321.jpg,512.402,109.998,655.483,524.858,0.573018,0,0,0,0
output_00322.jpg,539.907,246.477,640.98,459.468,0.550451,0,0,0,0
output_00322.jpg,533.562,136.747,651.466,271.681,0.434304,0,0,0,0
output_00323.jpg,537.621,130.257,652.333,251.808,0.594544,0,0,0,0
output_00323.jpg,540.093,252.872,638.878,459.28,0.357299,0,0,0,0
output_00324.jpg,540.547,128.017,652.678,255.869,0.598397,0,0,0,0
output_00324.jpg,512.561,118.877,644.286,519.259,0.418914,0,0,0,0
output_00325.jpg,530.923,131.423,651.834,249.085,0.540033,0,0,0,0
output_00325.jpg,523.048,113.096,661.429,528.831,0.340573,0,0,0,0
output_00326.jpg,535.038,144.699,649.457,262.978,0.658022,0,0,0,0
output_00326.jpg,525.61,116.78,654.686,519.823,0.431411,0,0,0,0
output_00327.jpg,532.095,129.2,656.567,283.389,0.555149,0,0,0,0
output_00327.jpg,548.408,262.159,618.199,423.066,0.519388,0,0,0,0
output_00328.jpg,548.013,264.535,617.019,431.977,0.535466,0,0,0,0
output_00328.jpg,521.524,124.941,630.52,526.56,0.395797,0,0,0,0
output_00328.jpg,539.671,141.881,641.268,224.941,0.350934,0,0,0,0
output_00329.jpg,525.572,120.383,653.348,529.44,0.331933,0,0,0,0
output_00331.jpg,544.283,145.896,661.586,261.848,0.393239,0,0,0,0
output_00336.jpg,552.262,230.564,642.544,453.374,0.3217,0,0,0,0
output_00339.jpg,557.427,146.049,642.823,270.225,0.31392,0,0,0,0
output_00341.jpg,564.238,146.872,632.363,266.083,0.300092,0,0,0,0
output_00343.jpg,571.928,154.578,639.411,263.193,0.313264,0,0,0,0
output_00346.jpg,550.713,149.16,642.222,276.968,0.473746,0,0,0,0
output_00347.jpg,562.988,151.534,626.994,257.686,0.804979,0,0,0,0
output_00348.jpg,567.076,160.409,627.223,266.532,0.394595,0,0,0,0
output_00351.jpg,568.656,145.854,629.619,257.357,0.614729,0,0,0,0
