output_00007.jpg,646,64,828,504,0.0626346617937,0,0,0,0
output_00007.jpg,539,86,623,262,0.0601879097521,0,0,0,0
output_00007.jpg,520,38,688,338,0.0504579134285,0,0,0,0
output_00018.jpg,637,68,821,516,0.0693003982306,0,0,0,0
output_00018.jpg,553,95,625,255,0.0507921762764,0,0,0,0
output_00020.jpg,540,174,638,470,0.0597694851458,0,0,0,0
output_00020.jpg,556,95,624,251,0.054303355515,0,0,0,0
output_00020.jpg,649,78,815,510,0.0535015612841,0,0,0,0
output_00035.jpg,525,159,619,485,0.0604825913906,0,0,0,0
output_00037.jpg,522,151,622,491,0.0799412056804,0,0,0,0
output_00043.jpg,517,85,675,531,0.589097559452,0,0,0,0
output_00045.jpg,515,78,685,534,0.670304119587,0,0,0,0
output_00045.jpg,523,154,639,486,0.104697622359,0,0,0,0
output_00047.jpg,522,158,646,480,0.0994785353541,0,0,0,0
output_00049.jpg,521,77,697,523,0.775536179543,0,0,0,0
output_00049.jpg,535,174,643,466,0.0755556970835,0,0,0,0
output_00051.jpg,537,183,643,459,0.0669710338116,0,0,0,0
output_00056.jpg,541,202,643,438,0.0512149035931,0,0,0,0
output_00082.jpg,515,102,683,486,0.465786635876,0,0,0,0
output_00090.jpg,534,136,658,446,0.34737303853,0,0,0,0
output_00090.jpg,576,108,660,266,0.091804869473,0,0,0,0
output_00090.jpg,558,118,626,246,0.0847644582391,0,0,0,0
output_00090.jpg,533,230,615,428,0.0777827352285,0,0,0,0
output_00095.jpg,568,99,658,269,0.205515176058,0,0,0,0
output_00095.jpg,543,133,667,431,0.182524815202,0,0,0,0
output_00096.jpg,564,94,654,282,0.166684836149,0,0,0,0
output_00102.jpg,550,94,640,298,0.268254488707,0,0,0,0
output_00104.jpg,539,93,639,281,0.221928372979,0,0,0,0
output_00105.jpg,536,97,640,275,0.276175141335,0,0,0,0
output_00108.jpg,547,109,637,285,0.275483012199,0,0,0,0
output_00108.jpg,525,217,601,437,0.0701502561569,0,0,0,0
output_00110.jpg,552,114,634,286,0.245881274343,0,0,0,0
output_00119.jpg,488,118,626,486,0.180754780769,0,0,0,0
output_00119.jpg,451,194,533,462,0.0722108781338,0,0,0,0
output_00119.jpg,468,92,572,278,0.0675998926163,0,0,0,0
output_00124.jpg,472,126,596,474,0.137902259827,0,0,0,0
output_00124.jpg,471,161,551,423,0.0793052986264,0,0,0,0
output_00124.jpg,476,93,562,269,0.0712195634842,0,0,0,0
output_00124.jpg,515,169,591,423,0.0612538196146,0,0,0,0
output_00124.jpg,458,116,520,242,0.0529745779932,0,0,0,0
output_00126.jpg,481,96,563,272,0.10948587209,0,0,0,0
output_00126.jpg,458,117,524,245,0.0777684375644,0,0,0,0
output_00126.jpg,467,163,553,415,0.0649148598313,0,0,0,0
output_00126.jpg,511,175,593,413,0.0522316358984,0,0,0,0
output_00128.jpg,467,99,561,293,0.0905606299639,0,0,0,0
output_00128.jpg,449,126,519,256,0.0601555854082,0,0,0,0
output_00130.jpg,509,174,591,406,0.0619057044387,0,0,0,0
output_00135.jpg,483,151,577,405,0.110047459602,0,0,0,0
output_00135.jpg,477,93,567,299,0.0589492991567,0,0,0,0
output_00135.jpg,474,128,538,258,0.055938180536,0,0,0,0
output_00155.jpg,422,53,724,525,0.107004255056,0,0,0,0
output_00155.jpg,478,124,542,248,0.0522681921721,0,0,0,0
output_00158.jpg,426,55,730,521,0.111483089626,0,0,0,0
output_00158.jpg,478,124,544,246,0.0747194513679,0,0,0,0
output_00158.jpg,469,85,589,289,0.0732005089521,0,0,0,0
output_00158.jpg,522,113,592,251,0.0630928501487,0,0,0,0
output_00159.jpg,424,47,750,525,0.0885245352983,0,0,0,0
output_00159.jpg,478,124,542,246,0.0528842285275,0,0,0,0
output_00168.jpg,492,128,554,242,0.0929243043065,0,0,0,0
output_00168.jpg,483,94,591,278,0.0808529406786,0,0,0,0
output_00168.jpg,513,116,587,248,0.0770334452391,0,0,0,0
output_00169.jpg,492,130,550,246,0.0631142109632,0,0,0,0
output_00169.jpg,518,115,592,253,0.0576537661254,0,0,0,0
output_00171.jpg,487,126,551,246,0.0715075880289,0,0,0,0
output_00171.jpg,476,86,592,288,0.0606785342097,0,0,0,0
output_00171.jpg,517,113,591,251,0.0595437586308,0,0,0,0
output_00173.jpg,478,92,592,284,0.0826643928885,0,0,0,0
output_00173.jpg,485,125,551,247,0.078800983727,0,0,0,0
output_00173.jpg,516,115,588,249,0.062084723264,0,0,0,0
output_00179.jpg,487,127,553,249,0.0781254321337,0,0,0,0
output_00179.jpg,473,87,595,291,0.0739719718695,0,0,0,0
output_00179.jpg,515,115,593,255,0.061930719763,0,0,0,0
output_00188.jpg,484,131,554,253,0.0525584928691,0,0,0,0
output_00190.jpg,391,70,691,496,0.0762704536319,0,0,0,0
output_00190.jpg,483,131,549,251,0.0509042926133,0,0,0,0
output_00249.jpg,480,106,544,244,0.0644327029586,0,0,0,0
output_00250.jpg,476,108,540,244,0.0515500791371,0,0,0,0
output_00261.jpg,475,104,545,242,0.0993420556188,0,0,0,0
output_00261.jpg,460,63,582,283,0.0666892156005,0,0,0,0
output_00261.jpg,521,90,609,250,0.0535210110247,0,0,0,0
output_00263.jpg,475,102,549,242,0.102287620306,0,0,0,0
output_00263.jpg,457,62,589,282,0.0798228681087,0,0,0,0
output_00263.jpg,517,87,611,249,0.0569420903921,0,0,0,0
output_00266.jpg,475,69,585,277,0.207709506154,0,0,0,0
output_00266.jpg,422,40,770,512,0.137665867805,0,0,0,0
output_00266.jpg,510,89,596,245,0.0875075608492,0,0,0,0
output_00278.jpg,462,68,606,288,0.0984271988273,0,0,0,0
output_00278.jpg,462,135,610,441,0.0697117522359,0,0,0,0
output_00278.jpg,478,105,562,243,0.0666142627597,0,0,0,0
output_00285.jpg,452,82,616,292,0.0668105706573,0,0,0,0
output_00285.jpg,463,144,607,426,0.0649551972747,0,0,0,0
output_00285.jpg,519,111,609,245,0.0534155108035,0,0,0,0
output_00289.jpg,426,70,690,516,0.159417390823,0,0,0,0
output_00289.jpg,493,75,661,297,0.0833259150386,0,0,0,0
output_00289.jpg,520,105,620,257,0.0566894263029,0,0,0,0
output_00289.jpg,507,153,627,423,0.0564226061106,0,0,0,0
output_00290.jpg,430,66,692,522,0.1081937626,0,0,0,0
output_00290.jpg,490,68,666,304,0.0552255623043,0,0,0,0
output_00292.jpg,468,83,666,511,0.227350860834,0,0,0,0
output_00292.jpg,512,146,632,448,0.119257025421,0,0,0,0
output_00294.jpg,468,82,662,516,0.364527851343,0,0,0,0
output_00294.jpg,508,156,618,490,0.137413144112,0,0,0,0
output_00301.jpg,507,161,615,493,0.145999208093,0,0,0,0
output_00308.jpg,521,170,613,484,0.141802966595,0,0,0,0
output_00308.jpg,525,96,659,304,0.0706329867244,0,0,0,0
output_00308.jpg,534,121,618,261,0.0509223416448,0,0,0,0
output_00310.jpg,492,83,662,497,0.383873105049,0,0,0,0
output_00310.jpg,520,163,616,487,0.121166333556,0,0,0,0
output_00310.jpg,523,95,659,307,0.0625931248069,0,0,0,0
output_00311.jpg,520,166,616,482,0.108945883811,0,0,0,0
output_00311.jpg,523,96,657,308,0.0677420347929,0,0,0,0
output_00311.jpg,533,123,617,265,0.0519454292953,0,0,0,0
output_00313.jpg,517,169,617,477,0.101880423725,0,0,0,0
output_00313.jpg,523,97,657,313,0.0657633244991,0,0,0,0
output_00313.jpg,533,125,615,267,0.0507732257247,0,0,0,0
output_00314.jpg,517,166,617,480,0.0987260118127,0,0,0,0
output_00314.jpg,518,93,658,313,0.0759235620499,0,0,0,0
output_00314.jpg,532,122,616,266,0.0553120821714,0,0,0,0
output_00320.jpg,481,80,667,514,0.331230759621,0,0,0,0
output_00320.jpg,516,157,616,483,0.120579384267,0,0,0,0
output_00320.jpg,529,95,655,299,0.0846974030137,0,0,0,0
output_00320.jpg,536,117,618,261,0.0669694840908,0,0,0,0
output_00324.jpg,521,95,645,285,0.200611770153,0,0,0,0
output_00324.jpg,471,98,677,482,0.152160361409,0,0,0,0
output_00324.jpg,518,161,630,409,0.0992448329926,0,0,0,0
output_00329.jpg,528,116,634,266,0.276354134083,0,0,0,0
output_00329.jpg,463,127,687,429,0.0619853511453,0,0,0,0
output_00329.jpg,522,186,628,358,0.0547947920859,0,0,0,0
output_00329.jpg,473,146,537,220,0.0545721463859,0,0,0,0
output_00330.jpg,519,107,649,269,0.142875835299,0,0,0,0
output_00345.jpg,549,130,619,248,0.0737789571285,0,0,0,0
output_00345.jpg,559,112,659,278,0.0731803327799,0,0,0,0
output_00348.jpg,549,127,621,247,0.113136328757,0,0,0,0
output_00348.jpg,564,116,654,270,0.112775199115,0,0,0,0
output_00348.jpg,498,114,716,438,0.0544161647558,0,0,0,0
output_00348.jpg,644,107,856,459,0.0510105378926,0,0,0,0
output_00349.jpg,547,127,619,247,0.0868296325207,0,0,0,0
output_00349.jpg,560,111,656,275,0.0796532705426,0,0,0,0
output_00017.jpg,633,67,823,517,0.0808304399252,0,0,0,0
output_00017.jpg,552,93,624,255,0.0555874146521,0,0,0,0
output_00091.jpg,531,131,661,443,0.371499836445,0,0,0,0
output_00091.jpg,567,103,665,275,0.127259612083,0,0,0,0
output_00091.jpg,555,114,633,252,0.0957489907742,0,0,0,0
output_00091.jpg,529,233,613,429,0.0683915689588,0,0,0,0
output_00134.jpg,453,196,539,462,0.0723351091146,0,0,0,0
output_00134.jpg,514,184,590,398,0.0513315796852,0,0,0,0
output_00146.jpg,480,123,546,247,0.0755720064044,0,0,0,0
output_00146.jpg,469,81,587,289,0.0652899444103,0,0,0,0
output_00146.jpg,419,56,741,516,0.0616093575954,0,0,0,0
output_00146.jpg,520,113,594,249,0.0503162816167,0,0,0,0
output_00156.jpg,478,124,542,248,0.0500726550817,0,0,0,0
output_00036.jpg,524,153,624,487,0.0800689980388,0,0,0,0
output_00036.jpg,557,102,621,246,0.051687490195,0,0,0,0
output_00034.jpg,526,164,618,480,0.0604772008955,0,0,0,0
output_00028.jpg,530,157,630,481,0.0935631245375,0,0,0,0
output_00028.jpg,552,97,618,249,0.071956589818,0,0,0,0
output_00028.jpg,572,76,664,286,0.0509993359447,0,0,0,0
output_00125.jpg,467,164,557,418,0.0775580778718,0,0,0,0
output_00125.jpg,472,97,566,273,0.0763350948691,0,0,0,0
output_00125.jpg,510,175,594,419,0.0648880898952,0,0,0,0
output_00125.jpg,456,122,520,242,0.0556826815009,0,0,0,0
output_00120.jpg,512,155,598,441,0.0983655899763,0,0,0,0
output_00120.jpg,447,185,531,465,0.0756875798106,0,0,0,0
output_00120.jpg,474,89,570,275,0.0696637406945,0,0,0,0
output_00084.jpg,524,114,678,470,0.37318316102,0,0,0,0
output_00084.jpg,562,113,632,251,0.0619440488517,0,0,0,0
output_00084.jpg,531,221,627,429,0.0501560457051,0,0,0,0
output_00114.jpg,507,119,629,461,0.343892991543,0,0,0,0
output_00114.jpg,543,106,627,288,0.200241431594,0,0,0,0
output_00114.jpg,469,103,571,271,0.0575531236827,0,0,0,0
output_00114.jpg,451,130,509,238,0.0502019822598,0,0,0,0
output_00052.jpg,533,181,647,457,0.0690796971321,0,0,0,0
output_00087.jpg,522,127,666,447,0.410819649696,0,0,0,0
output_00087.jpg,572,105,660,275,0.0984735041857,0,0,0,0
output_00087.jpg,558,115,630,251,0.0944532081485,0,0,0,0
output_00143.jpg,481,122,545,242,0.0529522411525,0,0,0,0
output_00080.jpg,552,168,656,420,0.0741689279675,0,0,0,0
output_00044.jpg,513,79,683,531,0.673084080219,0,0,0,0
output_00005.jpg,536,87,622,265,0.0601946786046,0,0,0,0
output_00005.jpg,649,67,829,499,0.0565160997212,0,0,0,0
output_00005.jpg,511,35,687,345,0.0540009886026,0,0,0,0
output_00046.jpg,505,74,689,536,0.726978182793,0,0,0,0
output_00046.jpg,522,158,642,480,0.0925675779581,0,0,0,0
output_00127.jpg,471,97,563,279,0.0913051813841,0,0,0,0
output_00127.jpg,464,159,556,419,0.083930529654,0,0,0,0
output_00127.jpg,453,121,519,247,0.0630795285106,0,0,0,0
output_00127.jpg,511,177,593,409,0.0551172308624,0,0,0,0
output_00001.jpg,534,85,616,263,0.0594890229404,0,0,0,0
output_00001.jpg,505,33,677,339,0.0561097972095,0,0,0,0
output_00088.jpg,530,131,664,443,0.304186522961,0,0,0,0
output_00088.jpg,560,113,626,245,0.0915190950036,0,0,0,0
output_00088.jpg,579,105,659,265,0.0857354551554,0,0,0,0
output_00086.jpg,529,126,675,448,0.327852606773,0,0,0,0
output_00086.jpg,566,111,636,247,0.0938628688455,0,0,0,0
output_00086.jpg,586,101,668,271,0.0892562717199,0,0,0,0
output_00098.jpg,542,141,646,421,0.138725355268,0,0,0,0
output_00098.jpg,568,97,656,299,0.0598672069609,0,0,0,0
output_00098.jpg,554,119,622,265,0.0597701631486,0,0,0,0
output_00098.jpg,538,216,614,456,0.0586250126362,0,0,0,0
output_00029.jpg,527,157,629,479,0.0995003208518,0,0,0,0
output_00029.jpg,555,105,617,249,0.0553444623947,0,0,0,0
output_00032.jpg,523,159,621,481,0.0791061073542,0,0,0,0
output_00003.jpg,533,85,619,265,0.0621654465795,0,0,0,0
output_00003.jpg,504,32,682,344,0.0587015375495,0,0,0,0
output_00121.jpg,472,120,598,482,0.160365656018,0,0,0,0
output_00121.jpg,464,154,548,432,0.090164013207,0,0,0,0
output_00121.jpg,469,92,565,276,0.0545204542577,0,0,0,0
output_00072.jpg,555,107,625,251,0.0516935288906,0,0,0,0
output_00008.jpg,644,62,826,506,0.0637095868587,0,0,0,0
output_00008.jpg,541,90,623,264,0.0518565475941,0,0,0,0
output_00107.jpg,542,102,636,286,0.223229184747,0,0,0,0
output_00107.jpg,521,202,603,446,0.0716930031776,0,0,0,0
output_00147.jpg,481,124,545,248,0.0643908530474,0,0,0,0
output_00002.jpg,507,32,679,336,0.0721920803189,0,0,0,0
output_00002.jpg,534,82,620,262,0.0694308206439,0,0,0,0
output_00055.jpg,540,198,642,444,0.052319932729,0,0,0,0
output_00172.jpg,486,126,552,246,0.0742583796382,0,0,0,0
output_00172.jpg,476,89,594,285,0.070698775351,0,0,0,0
output_00172.jpg,516,113,590,249,0.0623708963394,0,0,0,0
output_00177.jpg,485,129,551,247,0.0636999830604,0,0,0,0
output_00177.jpg,517,117,593,253,0.0598760060966,0,0,0,0
output_00177.jpg,471,89,599,291,0.0595456063747,0,0,0,0
output_00178.jpg,487,130,551,246,0.0598987080157,0,0,0,0
output_00178.jpg,516,116,596,254,0.0553866997361,0,0,0,0
output_00178.jpg,466,86,600,292,0.0500397756696,0,0,0,0
output_00189.jpg,484,130,550,252,0.0528188087046,0,0,0,0
output_00191.jpg,483,131,551,249,0.0530565530062,0,0,0,0
output_00262.jpg,479,107,549,239,0.119908317924,0,0,0,0
output_00262.jpg,465,71,585,277,0.0927395001054,0,0,0,0
output_00262.jpg,517,92,605,248,0.0730458721519,0,0,0,0
output_00265.jpg,477,97,551,239,0.158530920744,0,0,0,0
output_00265.jpg,472,67,582,273,0.142401114106,0,0,0,0
output_00265.jpg,418,37,784,517,0.116374447942,0,0,0,0
output_00265.jpg,515,90,599,242,0.0741411373019,0,0,0,0
output_00269.jpg,480,85,580,281,0.265467733145,0,0,0,0
output_00269.jpg,436,55,736,497,0.156198143959,0,0,0,0
output_00269.jpg,616,59,882,497,0.0507688969374,0,0,0,0
output_00281.jpg,459,126,619,446,0.0934164822102,0,0,0,0
output_00281.jpg,452,71,610,299,0.0701445713639,0,0,0,0
output_00282.jpg,463,132,619,440,0.0839011147618,0,0,0,0
output_00282.jpg,449,74,615,300,0.071726128459,0,0,0,0
output_00286.jpg,493,84,653,284,0.0899233669043,0,0,0,0
output_00286.jpg,517,109,613,251,0.0611596331,0,0,0,0
output_00295.jpg,507,166,615,492,0.15251237154,0,0,0,0
output_00298.jpg,503,156,619,498,0.154310390353,0,0,0,0
output_00304.jpg,514,161,616,497,0.161923348904,0,0,0,0
output_00304.jpg,522,93,662,303,0.0609369203448,0,0,0,0
output_00307.jpg,517,172,613,484,0.147976160049,0,0,0,0
output_00307.jpg,526,96,660,304,0.066635556519,0,0,0,0
output_00309.jpg,520,164,616,486,0.130087316036,0,0,0,0
output_00309.jpg,526,96,658,306,0.0597399249673,0,0,0,0
output_00318.jpg,485,85,661,509,0.367487341166,0,0,0,0
output_00318.jpg,517,151,619,487,0.121888533235,0,0,0,0
output_00340.jpg,546,109,660,283,0.0625219196081,0,0,0,0
output_00340.jpg,545,130,619,250,0.0585247762501,0,0,0,0
output_00344.jpg,555,109,661,273,0.0671907663345,0,0,0,0
output_00344.jpg,548,129,622,243,0.0637693479657,0,0,0,0
output_00346.jpg,550,127,620,245,0.0817176550627,0,0,0,0
output_00346.jpg,563,110,659,276,0.0764510408044,0,0,0,0
output_00264.jpg,478,97,552,241,0.154018267989,0,0,0,0
output_00264.jpg,425,39,773,517,0.121035568416,0,0,0,0
output_00264.jpg,512,88,596,244,0.0793022736907,0,0,0,0
output_00317.jpg,486,83,660,503,0.336646258831,0,0,0,0
output_00317.jpg,523,95,657,303,0.0575277544558,0,0,0,0
output_00097.jpg,565,97,653,297,0.0831116586924,0,0,0,0
output_00097.jpg,551,113,619,265,0.072934307158,0,0,0,0
output_00097.jpg,537,211,613,451,0.0664494857192,0,0,0,0
output_00277.jpg,463,70,599,294,0.103294111788,0,0,0,0
output_00277.jpg,466,130,606,444,0.0934984907508,0,0,0,0
output_00277.jpg,476,106,558,250,0.0725927650928,0,0,0,0
output_00164.jpg,486,120,550,242,0.0783713012934,0,0,0,0
output_00164.jpg,476,82,590,284,0.0692508742213,0,0,0,0
output_00164.jpg,518,111,592,247,0.0598742738366,0,0,0,0
output_00113.jpg,507,118,631,462,0.353732615709,0,0,0,0
output_00113.jpg,543,105,631,295,0.166792035103,0,0,0,0
output_00181.jpg,488,130,554,252,0.066330306232,0,0,0,0
output_00181.jpg,513,114,597,258,0.0571949444711,0,0,0,0
output_00181.jpg,468,85,600,295,0.0532340705395,0,0,0,0
output_00165.jpg,485,123,549,243,0.0801892578602,0,0,0,0
output_00165.jpg,478,87,590,283,0.0747279599309,0,0,0,0
output_00165.jpg,516,112,590,248,0.0650274902582,0,0,0,0
output_00149.jpg,409,48,753,524,0.0833319425583,0,0,0,0
output_00149.jpg,479,128,543,248,0.0541061013937,0,0,0,0
output_00274.jpg,478,80,584,282,0.264249205589,0,0,0,0
output_00274.jpg,383,69,669,481,0.166249468923,0,0,0,0
output_00274.jpg,510,103,596,247,0.0644047111273,0,0,0,0
output_00316.jpg,514,161,618,485,0.107763074338,0,0,0,0
output_00316.jpg,521,94,659,310,0.0578708983958,0,0,0,0
output_00323.jpg,472,90,674,488,0.201225161552,0,0,0,0
output_00323.jpg,521,94,647,292,0.182170018554,0,0,0,0
output_00323.jpg,517,149,633,419,0.132592216134,0,0,0,0
output_00182.jpg,485,131,555,253,0.0534349642694,0,0,0,0
output_00275.jpg,472,74,588,292,0.189947888255,0,0,0,0
output_00275.jpg,469,137,593,413,0.0605907477438,0,0,0,0
output_00144.jpg,482,122,546,244,0.0749493837357,0,0,0,0
output_00144.jpg,468,81,586,287,0.0631231591105,0,0,0,0
output_00144.jpg,417,53,749,521,0.0616924650967,0,0,0,0
output_00099.jpg,561,96,645,296,0.174008175731,0,0,0,0
output_00006.jpg,540,86,624,262,0.0612554699183,0,0,0,0
output_00006.jpg,521,37,687,337,0.0535451434553,0,0,0,0
output_00006.jpg,650,66,826,502,0.0532869137824,0,0,0,0
output_00315.jpg,511,156,617,492,0.106203682721,0,0,0,0
output_00315.jpg,522,94,658,310,0.0575303174555,0,0,0,0
output_00085.jpg,528,129,674,451,0.30951833725,0,0,0,0
output_00085.jpg,565,111,635,245,0.0911509841681,0,0,0,0
output_00085.jpg,585,102,667,268,0.08771789819,0,0,0,0
output_00306.jpg,515,169,613,489,0.151080191135,0,0,0,0
output_00306.jpg,524,96,662,302,0.0683278739452,0,0,0,0
output_00280.jpg,455,69,607,295,0.0987900719047,0,0,0,0
output_00280.jpg,449,158,617,488,0.0892802402377,0,0,0,0
output_00280.jpg,474,108,560,248,0.0604269504547,0,0,0,0
output_00280.jpg,523,254,593,436,0.0574661083519,0,0,0,0
output_00272.jpg,484,85,582,273,0.318635851145,0,0,0,0
output_00272.jpg,377,77,669,461,0.100997105241,0,0,0,0
output_00192.jpg,484,130,550,250,0.0505240038037,0,0,0,0
output_00053.jpg,539,193,643,449,0.0504808276892,0,0,0,0
output_00033.jpg,524,163,620,479,0.0622915737331,0,0,0,0
output_00033.jpg,551,102,621,254,0.053181540221,0,0,0,0
output_00303.jpg,513,165,615,495,0.155257001519,0,0,0,0
output_00303.jpg,520,92,662,304,0.0614805333316,0,0,0,0
output_00325.jpg,529,104,641,280,0.237222850323,0,0,0,0
output_00325.jpg,475,107,673,461,0.126877784729,0,0,0,0
output_00325.jpg,517,162,629,396,0.0937607288361,0,0,0,0
output_00325.jpg,504,214,610,452,0.0507886856794,0,0,0,0
output_00089.jpg,528,134,662,446,0.326133936644,0,0,0,0
output_00089.jpg,559,114,627,242,0.0863297134638,0,0,0,0
output_00089.jpg,576,104,660,262,0.0855230614543,0,0,0,0
output_00089.jpg,533,237,617,425,0.0536531358957,0,0,0,0
output_00048.jpg,517,76,693,524,0.784320056438,0,0,0,0
output_00048.jpg,532,173,642,467,0.0807021260262,0,0,0,0
output_00302.jpg,481,81,667,511,0.38049697876,0,0,0,0
output_00302.jpg,511,166,613,490,0.157157361507,0,0,0,0
output_00139.jpg,387,71,681,493,0.121012352407,0,0,0,0
output_00139.jpg,489,123,555,245,0.110986098647,0,0,0,0
output_00139.jpg,481,89,589,283,0.100427098572,0,0,0,0
output_00139.jpg,517,117,589,249,0.0761963501573,0,0,0,0
output_00012.jpg,621,55,823,517,0.0977876335382,0,0,0,0
output_00321.jpg,477,83,669,505,0.318402439356,0,0,0,0
output_00321.jpg,512,132,640,446,0.187944754958,0,0,0,0
output_00321.jpg,523,93,655,301,0.106501638889,0,0,0,0
output_00321.jpg,533,116,619,262,0.0753688812256,0,0,0,0
output_00083.jpg,517,106,679,482,0.480040580034,0,0,0,0
output_00083.jpg,559,112,631,252,0.0600555352867,0,0,0,0
output_00083.jpg,530,211,632,433,0.0524730831385,0,0,0,0
output_00293.jpg,461,79,667,517,0.296087920666,0,0,0,0
output_00293.jpg,507,135,637,457,0.157049521804,0,0,0,0
output_00023.jpg,538,157,640,475,0.0735800340772,0,0,0,0
output_00023.jpg,553,95,621,253,0.067347496748,0,0,0,0
output_00023.jpg,578,71,674,295,0.0606829412282,0,0,0,0
output_00093.jpg,566,97,662,277,0.197842210531,0,0,0,0
output_00093.jpg,531,233,607,437,0.0563735365868,0,0,0,0
output_00078.jpg,526,102,680,492,0.569117665291,0,0,0,0
output_00078.jpg,536,202,638,436,0.0545612797141,0,0,0,0
output_00267.jpg,480,75,580,279,0.237808510661,0,0,0,0
output_00267.jpg,425,41,757,511,0.157469898462,0,0,0,0
output_00174.jpg,486,128,550,246,0.0652249455452,0,0,0,0
output_00174.jpg,474,90,592,286,0.0587420091033,0,0,0,0
output_00174.jpg,517,116,591,248,0.0524045117199,0,0,0,0
output_00016.jpg,634,65,824,517,0.0790847092867,0,0,0,0
output_00016.jpg,549,92,623,254,0.05578225106,0,0,0,0
output_00132.jpg,464,157,556,423,0.110367901623,0,0,0,0
output_00092.jpg,544,133,660,443,0.323430716991,0,0,0,0
output_00092.jpg,569,102,663,278,0.128523662686,0,0,0,0
output_00092.jpg,555,114,631,256,0.0920148789883,0,0,0,0
output_00092.jpg,535,232,611,430,0.0708803758025,0,0,0,0
output_00030.jpg,526,160,624,478,0.0870326906443,0,0,0,0
output_00030.jpg,553,104,617,250,0.0565446354449,0,0,0,0
output_00163.jpg,431,59,725,513,0.0725388005376,0,0,0,0
output_00163.jpg,484,122,548,244,0.0703073069453,0,0,0,0
output_00163.jpg,474,83,592,287,0.0632193163037,0,0,0,0
output_00163.jpg,518,110,594,250,0.0611562468112,0,0,0,0
output_00129.jpg,455,152,555,422,0.140965923667,0,0,0,0
output_00129.jpg,510,175,592,403,0.0590672828257,0,0,0,0
output_00129.jpg,461,100,561,294,0.051286675036,0,0,0,0
output_00328.jpg,531,113,635,265,0.281405985355,0,0,0,0
output_00328.jpg,465,125,683,439,0.0756819322705,0,0,0,0
output_00328.jpg,520,183,628,369,0.0602022409439,0,0,0,0
output_00328.jpg,475,145,537,219,0.0515183396637,0,0,0,0
output_00284.jpg,450,76,614,292,0.0676716566086,0,0,0,0
output_00284.jpg,460,139,610,435,0.0641976073384,0,0,0,0
output_00288.jpg,429,77,681,511,0.173142135143,0,0,0,0
output_00288.jpg,494,80,662,296,0.0770530998707,0,0,0,0
output_00288.jpg,502,153,624,425,0.062919177115,0,0,0,0
output_00288.jpg,520,110,618,256,0.0516325905919,0,0,0,0
output_00117.jpg,500,126,624,466,0.219900891185,0,0,0,0
output_00117.jpg,535,101,625,279,0.112974442542,0,0,0,0
output_00117.jpg,476,94,572,270,0.0930667370558,0,0,0,0
output_00117.jpg,457,120,519,238,0.0639478117228,0,0,0,0
output_00117.jpg,451,224,517,448,0.0581980086863,0,0,0,0
output_00100.jpg,559,98,641,294,0.205308750272,0,0,0,0
output_00026.jpg,529,152,639,484,0.097674369812,0,0,0,0
output_00026.jpg,551,101,619,247,0.0629868879914,0,0,0,0
output_00331.jpg,522,108,650,272,0.115250267088,0,0,0,0
output_00011.jpg,621,54,827,518,0.104553334415,0,0,0,0
output_00021.jpg,543,164,643,474,0.0689899623394,0,0,0,0
output_00021.jpg,559,95,625,255,0.0565837584436,0,0,0,0
output_00021.jpg,649,78,811,510,0.0559006668627,0,0,0,0
output_00022.jpg,539,157,643,477,0.080105856061,0,0,0,0
output_00022.jpg,553,92,623,252,0.0663292631507,0,0,0,0
output_00022.jpg,576,69,676,295,0.0536181367934,0,0,0,0
output_00141.jpg,484,121,544,243,0.0580035448074,0,0,0,0
output_00131.jpg,457,155,555,423,0.130267783999,0,0,0,0
output_00131.jpg,512,179,590,403,0.0581600442529,0,0,0,0
output_00347.jpg,564,114,656,274,0.109796516597,0,0,0,0
output_00347.jpg,550,127,620,249,0.109341651201,0,0,0,0
output_00350.jpg,558,112,654,272,0.102001063526,0,0,0,0
output_00350.jpg,544,125,620,247,0.100558534265,0,0,0,0
output_00351.jpg,544,124,624,246,0.0757584199309,0,0,0,0
output_00351.jpg,553,105,663,277,0.074509896338,0,0,0,0
output_00352.jpg,552,101,668,279,0.0677213445306,0,0,0,0
output_00352.jpg,544,122,626,246,0.0671746358275,0,0,0,0
output_00270.jpg,482,86,582,274,0.305017888546,0,0,0,0
output_00270.jpg,368,71,674,465,0.108947083354,0,0,0,0
output_00253.jpg,472,106,542,248,0.0512326210737,0,0,0,0
output_00319.jpg,485,88,663,512,0.364779800177,0,0,0,0
output_00319.jpg,517,152,619,486,0.143688619137,0,0,0,0
output_00319.jpg,528,97,658,295,0.0515380576253,0,0,0,0
output_00273.jpg,481,85,585,271,0.371851086617,0,0,0,0
output_00273.jpg,371,78,675,462,0.112023621798,0,0,0,0
output_00176.jpg,486,127,552,243,0.0755731090903,0,0,0,0
output_00176.jpg,475,90,595,284,0.0710926502943,0,0,0,0
output_00176.jpg,516,115,590,249,0.0657864287496,0,0,0,0
output_00167.jpg,481,93,593,273,0.115554250777,0,0,0,0
output_00167.jpg,487,123,557,241,0.10058837384,0,0,0,0
output_00167.jpg,513,114,589,244,0.0786288529634,0,0,0,0
output_00312.jpg,520,174,616,478,0.0992037132382,0,0,0,0
output_00312.jpg,519,94,657,312,0.0904051586986,0,0,0,0
output_00312.jpg,531,121,619,267,0.0634330585599,0,0,0,0
output_00115.jpg,508,123,628,469,0.32638207078,0,0,0,0
output_00115.jpg,544,104,632,284,0.14085495472,0,0,0,0
output_00115.jpg,530,111,602,261,0.097613543272,0,0,0,0
output_00115.jpg,448,230,510,442,0.0673182830215,0,0,0,0
output_00115.jpg,472,170,562,474,0.0607872419059,0,0,0,0
output_00009.jpg,631,56,829,514,0.0888617560267,0,0,0,0
output_00118.jpg,488,118,628,484,0.197374433279,0,0,0,0
output_00118.jpg,472,91,572,273,0.0827792286873,0,0,0,0
output_00118.jpg,449,201,527,457,0.0657605528831,0,0,0,0
output_00118.jpg,525,110,593,252,0.0628297477961,0,0,0,0
output_00118.jpg,534,100,630,276,0.0606876090169,0,0,0,0
output_00118.jpg,456,117,520,241,0.0563230440021,0,0,0,0
output_00276.jpg,465,68,595,300,0.125499486923,0,0,0,0
output_00276.jpg,477,104,559,256,0.0903389006853,0,0,0,0
output_00276.jpg,469,127,603,439,0.0896797478199,0,0,0,0
output_00153.jpg,418,54,726,526,0.0911366567016,0,0,0,0
output_00175.jpg,485,127,553,243,0.0748771056533,0,0,0,0
output_00175.jpg,472,90,598,284,0.0725736021996,0,0,0,0
output_00175.jpg,516,116,592,248,0.0656059011817,0,0,0,0
output_00162.jpg,432,57,734,513,0.076759442687,0,0,0,0
output_00162.jpg,484,121,548,243,0.0753734409809,0,0,0,0
output_00162.jpg,477,82,589,284,0.0681360289454,0,0,0,0
output_00162.jpg,519,109,593,249,0.0630945935845,0,0,0,0
output_00268.jpg,479,77,583,281,0.261289030313,0,0,0,0
output_00268.jpg,429,47,745,507,0.158079132438,0,0,0,0
output_00252.jpg,477,101,547,253,0.0533705465496,0,0,0,0
output_00013.jpg,623,55,823,519,0.107660375535,0,0,0,0
output_00060.jpg,542,208,634,438,0.05313488096,0,0,0,0
output_00305.jpg,516,171,612,491,0.145052984357,0,0,0,0
output_00305.jpg,522,92,662,302,0.0786557942629,0,0,0,0
output_00305.jpg,533,118,621,260,0.0536519065499,0,0,0,0
output_00010.jpg,627,55,829,515,0.0959685817361,0,0,0,0
output_00322.jpg,472,89,674,485,0.197369650006,0,0,0,0
output_00322.jpg,522,93,648,295,0.177611365914,0,0,0,0
output_00322.jpg,519,150,631,414,0.126502022147,0,0,0,0
output_00138.jpg,489,123,559,247,0.0566548146307,0,0,0,0
output_00138.jpg,468,76,598,294,0.0501815453172,0,0,0,0
output_00111.jpg,511,125,637,457,0.337209612131,0,0,0,0
output_00111.jpg,545,107,633,287,0.200703769922,0,0,0,0
output_00103.jpg,548,93,642,289,0.199698999524,0,0,0,0
output_00015.jpg,628,62,824,518,0.0921393856406,0,0,0,0
output_00014.jpg,626,58,824,520,0.0981798321009,0,0,0,0
output_00145.jpg,481,123,545,243,0.0682858750224,0,0,0,0
output_00145.jpg,466,81,586,287,0.055463604629,0,0,0,0
output_00145.jpg,422,50,762,518,0.0544567406178,0,0,0,0
output_00166.jpg,487,97,589,273,0.104185655713,0,0,0,0
output_00166.jpg,487,125,553,241,0.100133299828,0,0,0,0
output_00038.jpg,525,153,623,489,0.0763594806194,0,0,0,0
output_00038.jpg,558,105,620,247,0.0506339408457,0,0,0,0
output_00004.jpg,533,86,619,266,0.0614415481687,0,0,0,0
output_00004.jpg,505,34,683,344,0.0564501211047,0,0,0,0
output_00004.jpg,653,71,829,493,0.0505436211824,0,0,0,0
output_00291.jpg,438,65,692,521,0.122280418873,0,0,0,0
output_00259.jpg,477,108,539,244,0.0570215210319,0,0,0,0
output_00019.jpg,641,73,817,513,0.0607052110136,0,0,0,0
output_00019.jpg,553,94,627,258,0.0589857175946,0,0,0,0
output_00019.jpg,540,176,646,472,0.0511545278132,0,0,0,0
output_00326.jpg,524,104,640,274,0.259103089571,0,0,0,0
output_00326.jpg,466,109,682,455,0.0857993140817,0,0,0,0
output_00326.jpg,521,172,629,382,0.0657782629132,0,0,0,0
output_00076.jpg,522,96,676,486,0.629505395889,0,0,0,0
output_00116.jpg,497,121,627,473,0.267406970263,0,0,0,0
output_00116.jpg,538,102,630,278,0.111873954535,0,0,0,0
output_00116.jpg,451,222,517,448,0.0667731836438,0,0,0,0
output_00116.jpg,475,165,567,481,0.0651486888528,0,0,0,0
output_00116.jpg,469,97,573,271,0.0610985122621,0,0,0,0
output_00287.jpg,396,83,684,503,0.170891493559,0,0,0,0
output_00287.jpg,486,79,660,291,0.0891849473119,0,0,0,0
output_00287.jpg,515,108,617,254,0.0597945563495,0,0,0,0
output_00062.jpg,540,208,636,438,0.0525876134634,0,0,0,0
output_00109.jpg,550,111,636,289,0.210425198078,0,0,0,0
output_00109.jpg,521,208,603,442,0.0816923230886,0,0,0,0
output_00031.jpg,524,159,624,477,0.0810544043779,0,0,0,0
output_00031.jpg,553,103,619,253,0.0560221970081,0,0,0,0
output_00180.jpg,486,129,554,251,0.0663699284196,0,0,0,0
output_00180.jpg,467,84,601,296,0.0603822916746,0,0,0,0
output_00180.jpg,514,115,596,257,0.0557289272547,0,0,0,0
output_00170.jpg,493,127,555,243,0.0804913267493,0,0,0,0
output_00170.jpg,514,113,592,249,0.0659554973245,0,0,0,0
output_00170.jpg,478,87,594,283,0.0625530779362,0,0,0,0
output_00271.jpg,482,87,582,277,0.287485390902,0,0,0,0
output_00271.jpg,391,74,667,468,0.127088844776,0,0,0,0
output_00112.jpg,505,119,633,471,0.332966953516,0,0,0,0
output_00112.jpg,544,106,632,290,0.148081630468,0,0,0,0
output_00112.jpg,532,115,604,265,0.0977659374475,0,0,0,0
output_00327.jpg,532,110,634,268,0.272317409515,0,0,0,0
output_00327.jpg,473,121,675,449,0.0910032615066,0,0,0,0
output_00327.jpg,519,176,625,382,0.0720252096653,0,0,0,0
output_00024.jpg,537,155,639,477,0.0842239186168,0,0,0,0
output_00024.jpg,551,90,621,248,0.0794381573796,0,0,0,0
output_00024.jpg,579,71,671,281,0.0737532377243,0,0,0,0
output_00024.jpg,652,84,814,506,0.0552298501134,0,0,0,0
output_00094.jpg,571,98,659,274,0.21805408597,0,0,0,0
output_00123.jpg,478,155,550,417,0.0660903975368,0,0,0,0
output_00106.jpg,541,99,639,283,0.198859319091,0,0,0,0
output_00106.jpg,520,199,606,449,0.0703734382987,0,0,0,0
output_00101.jpg,555,93,645,295,0.277340739965,0,0,0,0
output_00161.jpg,427,54,737,518,0.0778025090694,0,0,0,0
output_00161.jpg,482,123,546,243,0.0591556280851,0,0,0,0
output_00161.jpg,523,110,597,250,0.05363978073,0,0,0,0
output_00161.jpg,466,79,592,291,0.0505522824824,0,0,0,0
output_00279.jpg,457,68,609,292,0.0997855812311,0,0,0,0
output_00279.jpg,463,137,613,433,0.0723584666848,0,0,0,0
output_00279.jpg,477,107,563,247,0.0635072663426,0,0,0,0
output_00050.jpg,535,175,643,465,0.0760826766491,0,0,0,0
output_00283.jpg,459,132,617,438,0.0901511162519,0,0,0,0
output_00283.jpg,448,75,618,299,0.0799576640129,0,0,0,0
output_00122.jpg,518,160,596,428,0.0858311504126,0,0,0,0
output_00122.jpg,444,183,530,469,0.0836055353284,0,0,0,0
output_00122.jpg,470,93,562,277,0.0548254847527,0,0,0,0
output_00154.jpg,417,48,741,526,0.0815493166447,0,0,0,0
output_00027.jpg,530,154,632,484,0.0988078787923,0,0,0,0
output_00027.jpg,550,95,618,247,0.0735967382789,0,0,0,0
output_00027.jpg,571,76,663,282,0.0577265769243,0,0,0,0
output_00260.jpg,477,106,543,240,0.0847247987986,0,0,0,0
output_00260.jpg,458,64,582,282,0.053335390985,0,0,0,0
output_00025.jpg,536,148,640,482,0.109814293683,0,0,0,0
output_00025.jpg,552,95,618,243,0.0674838498235,0,0,0,0
